date,total_pnl,total_volume,win_rate,trade_count,sentiment
2023-05-01,0.0,477.0,0.0,3,Greed
2023-12-05,0.0,50005.83,0.0,9,Greed
2023-12-14,-205.43473700000007,113203.35,0.36363636363636365,11,Greed
2023-12-15,-24.632033999999997,10609.95,0.0,2,Greed
2023-12-16,0.0,15348.77,0.0,3,Greed
2023-12-17,304.982785,116278.02,0.5,14,Greed
2023-12-18,0.0,31164.179999999997,0.0,2,Greed
2023-12-19,1000.5386120000001,91602.41,0.6666666666666666,15,Greed
2023-12-20,162.732282,141636.79,0.4444444444444444,18,Greed
2023-12-21,537.211402,125233.97,0.5306122448979592,49,Greed
2023-12-22,141.832675,88874.28,0.2,10,Greed
2023-12-23,146.936704,78438.25,0.6153846153846154,13,Greed
2023-12-24,1008.619956,402954.94,0.38461538461538464,39,Greed
2023-12-25,-245.081348,59948.51,0.0,3,Greed
2023-12-27,-704.8892269999999,171411.06,0.14285714285714285,28,Greed
2023-12-28,-970.730876,100117.25,0.0,23,Greed
2023-12-29,508.92214299999995,569559.72,0.3,50,Greed
2023-12-30,354.998648,702550.21,0.4423076923076923,52,Greed
2024-01-01,-129.53146,264239.52999999997,0.05555555555555555,18,Greed
2024-01-02,783.979116,121348.74,0.47058823529411764,17,Greed
2024-01-03,866.015507,394499.36,0.417910447761194,67,Greed
2024-01-04,-67.60364,99792.54000000001,0.0,5,Greed
2024-01-05,164.141565,1703942.66,0.19696969696969696,66,Greed
2024-01-06,135.58166400000002,298521.4,0.45454545454545453,22,Greed
2024-01-07,-835.681235,1048850.06,0.09278350515463918,97,Greed
2024-01-08,-269.874439,1522452.43,0.25,128,Greed
2024-01-09,-826.349863,870051.97,0.2571428571428571,70,Greed
2024-01-10,-1517.091342,2057479.48,0.21243523316062177,193,Greed
2024-01-11,-164.08950099999998,305314.1,0.23809523809523808,21,Greed
2024-01-12,-1925.519024,200082.27,0.0,7,Greed
2024-01-16,-2299.171458,116427.33,0.3333333333333333,9,Greed
2024-01-17,813.2741110000001,800831.03,0.20754716981132076,53,Greed
2024-01-18,68.93319,424631.52999999997,0.06521739130434782,46,Greed
2024-01-21,266.58114600000005,103129.74,0.2727272727272727,11,Greed
2024-01-22,1375.640959,337878.99,0.27058823529411763,85,Greed
2024-01-29,486.562542,414208.18,0.6081081081081081,74,Greed
2024-01-30,-173.65419100000003,401011.38,0.10204081632653061,49,Greed
2024-01-31,-799.840817,6305647.13,0.2689173457508731,859,Greed
2024-02-01,0.0,2008.18,0.0,6,Greed
2024-02-02,456.423473,474278.43,0.30952380952380953,42,Greed
2024-02-03,223.30918699999998,603820.0,0.10714285714285714,56,Greed
2024-02-04,47.62389499999999,203187.53,0.2571428571428571,35,Greed
2024-02-05,-33.45419400000003,770198.26,0.19444444444444445,72,Greed
2024-02-06,-215.615907,8047153.41,0.1645220588235294,1088,Greed
2024-02-07,241.24212,6758.73,0.13333333333333333,15,Greed
2024-02-08,770.756024,26051.12,0.4,10,Greed
2024-02-11,983.443176,212311.82,0.20588235294117646,34,Greed
2024-02-12,913.8817869999998,227247.69999999998,0.375,16,Greed
2024-02-13,559.44389,1999.99,1.0,14,Greed
2024-02-14,3830.599833,320839.88,0.7477477477477478,111,Greed
2024-02-15,1840.797677,185188.04,0.9047619047619048,63,Greed
2024-02-16,5491.768834,564896.51,0.8021978021978022,182,Greed
2024-02-17,1929.6418,406118.07,0.648936170212766,94,Greed
2024-02-18,477.6248299999999,157048.17,0.6288659793814433,97,Greed
2024-02-19,4317.768563,286377.2,0.7623762376237624,101,Greed
2024-02-20,3263.628824,119419.72,0.7948717948717948,39,Greed
2024-02-21,1858.7985700000002,108047.51999999999,0.6818181818181818,22,Greed
2024-02-22,3894.1050699999996,373033.87,0.45454545454545453,88,Greed
2024-02-23,1418.55293,111106.14,0.958041958041958,143,Greed
2024-02-25,-30.7705,4480.13,0.0,5,Greed
2024-02-26,4416.8473,192187.14,0.8717948717948718,39,Greed
2024-02-27,888.511733,209362.3,0.4126984126984127,63,Greed
2024-02-28,2503.747235,171107.13,0.8666666666666667,45,Greed
2024-02-29,9813.996992,395666.73,0.8620689655172413,116,Greed
2024-03-01,8244.241409,472974.7,0.9343065693430657,137,Greed
2024-03-02,230.90060000000005,63197.56,0.6774193548387096,31,Greed
2024-03-03,8361.086245,390745.68,0.6835443037974683,79,Greed
2024-03-04,27799.775742,1577996.87,0.8866666666666667,300,Greed
2024-03-05,19791.026041,841810.32,0.9055555555555556,180,Greed
2024-03-06,6814.825139,327218.02,0.8780487804878049,82,Greed
2024-03-08,4271.886236,183583.18,0.8805970149253731,67,Greed
2024-03-09,9949.501624,658178.75,0.8290598290598291,117,Greed
2024-03-10,2482.9272,219973.85,0.6904761904761905,42,Greed
2024-03-11,3588.179495,176519.44999999998,0.9285714285714286,42,Greed
2024-03-12,3039.166,103040.85,0.875,8,Greed
2024-03-13,0.0,6000.799999999999,0.0,7,Greed
2024-03-14,3465.865832,205933.18,0.8888888888888888,18,Greed
2024-03-15,6236.513651,351894.41,0.6612903225806451,62,Greed
2024-03-16,228.57984,37223.66,0.125,8,Greed
2024-03-17,503.293955,99506.95,0.43478260869565216,23,Greed
2024-03-18,1456.9577,90458.08,0.3157894736842105,19,Greed
2024-03-19,668.797973,219884.84,0.20833333333333334,24,Greed
2024-03-20,6423.134599,215705.85,0.8695652173913043,69,Greed
2024-03-21,2335.5080749999997,117895.57,0.8214285714285714,28,Greed
2024-03-24,1297.018477,92592.20999999999,0.7894736842105263,19,Greed
2024-03-25,1302.916428,57116.32,0.8571428571428571,7,Greed
2024-03-26,3215.906593,198565.19,0.9322033898305084,118,Greed
2024-03-27,150.41114,99864.79,0.3157894736842105,38,Greed
2024-03-28,227.85100799999998,35323.72,0.6923076923076923,13,Greed
2024-03-29,883.097404,86914.37,0.4,15,Greed
2024-03-30,1100.57514,101103.92,0.9777777777777777,45,Greed
2024-03-31,912.786145,39912.96,0.7692307692307693,13,Greed
2024-04-01,2507.963406,339470.47,0.5454545454545454,77,Greed
2024-04-02,883.760812,239664.50999999998,0.2926829268292683,41,Greed
2024-04-03,126.7884,16887.57,0.25,4,Greed
2024-04-04,0.0,95987.73,0.0,32,Greed
2024-04-05,10706.484306,503791.8,0.9,100,Greed
2024-04-06,236.33513399999998,68223.67,0.25,16,Greed
2024-04-07,0.0,49988.14,0.0,23,Greed
2024-04-08,1218.4267,211940.64,0.03333333333333333,30,Greed
2024-04-09,0.0,57063.840000000004,0.0,3,Greed
2024-04-10,5207.443414,351735.97,0.8780487804878049,41,Greed
2024-04-11,389.743164,76400.96,0.125,16,Greed
2024-04-12,-592.6458390000001,442088.59,0.5503875968992248,129,Greed
2024-04-13,6621.451755,486411.25,0.6853932584269663,89,Greed
2024-04-14,-36104.012520000004,659162.17,0.308411214953271,107,Greed
2024-04-15,3774.08872,291111.19,0.8536585365853658,41,Greed
2024-04-16,2467.702221,181907.17,0.9148936170212766,47,Greed
2024-04-17,2441.4683999999997,97562.99,0.9285714285714286,14,Greed
2024-04-19,1946.4454620000001,337257.92000000004,0.7714285714285715,35,Greed
2024-04-20,0.0,60733.24,0.0,22,Greed
2024-04-22,0.0,47993.61,0.0,9,Greed
2024-04-23,1119.536196,233054.9,0.5303030303030303,66,Greed
2024-04-24,279.185907,141275.24,0.3,20,Greed
2024-04-25,0.0,120241.01,0.0,74,Greed
2024-04-26,0.0,4988.290000000001,0.0,3,Greed
2024-04-27,4281.488139,154264.47,0.7037037037037037,27,Greed
2024-04-28,0.0,43985.6,0.0,58,Greed
2024-04-29,526.9338359999999,108699.01,0.37777777777777777,45,Greed
2024-04-30,0.0,125018.75,0.0,24,Greed
2024-05-04,0.0,58998.75,0.0,9,Greed
2024-05-05,0.916,24068.350000000002,0.16666666666666666,6,Greed
2024-05-06,968.59038,206016.43,0.4444444444444444,9,Greed
2024-05-07,883.537693,108717.58,0.5,18,Greed
2024-05-08,1.56576,65973.57,0.07692307692307693,13,Greed
2024-05-09,1147.595856,221966.12,0.39285714285714285,28,Greed
2024-05-10,2101.741695,156882.0,0.2727272727272727,22,Greed
2024-05-12,0.0,55179.56,0.0,23,Greed
2024-05-13,2136.853859,193118.9,0.35714285714285715,28,Greed
2024-05-14,1150.5233050000002,145853.4,0.17391304347826086,23,Greed
2024-05-15,948.970582,234922.57,0.4722222222222222,36,Greed
2024-05-16,214.5898,162620.96,0.18518518518518517,27,Greed
2024-05-18,3522.3946610000003,126303.14,0.64,25,Greed
2024-05-19,0.0,29998.09,0.0,8,Greed
2024-05-20,-74.818442,38124.75,0.0,10,Greed
2024-05-21,7289.397571999999,1100948.59,0.112,125,Greed
2024-05-22,0.0,44995.29,0.0,6,Greed
2024-05-23,413.347329,401850.6,0.4461538461538462,325,Greed
2024-05-24,821.949278,50811.899999999994,1.0,2,Greed
2024-05-25,14.126038999999999,29991.129999999997,0.3125,16,Greed
2024-05-26,778.6839,53976.67,0.25,16,Greed
2024-05-27,1129.35587,151115.72,0.35856573705179284,251,Greed
2024-05-29,277.791953,84268.76,0.4146341463414634,164,Greed
2024-05-30,20.951433,2838.09,0.7142857142857143,7,Greed
2024-05-31,25.35812,3636.14,0.3076923076923077,13,Greed
2024-06-01,91.510419,12834.62,0.36,25,Greed
2024-06-02,192.906947,29464.51,0.3655913978494624,93,Greed
2024-06-03,562.808208,21466.86,0.6285714285714286,70,Greed
2024-06-04,52.211438,24243.41,0.4716981132075472,53,Greed
2024-06-05,56.055506,25350.77,0.2962962962962963,54,Greed
2024-06-06,274.173187,137557.76,0.42735042735042733,234,Greed
2024-06-07,8902.467416,1098588.76,0.4,440,Greed
2024-06-08,129.13883900000002,97351.88,0.27586206896551724,29,Greed
2024-06-09,0.0,22410.22,0.0,17,Greed
2024-06-10,31.266804999999998,46587.93,0.33962264150943394,53,Greed
2024-06-11,4320.631811,373279.92,0.13821138211382114,123,Greed
2024-06-12,-21886.531493,193407.96,0.08267716535433071,254,Greed
2024-06-13,6632.757115,132577.22,0.24050632911392406,79,Greed
2024-06-14,10258.592609,139868.66,0.4838709677419355,31,Greed
2024-06-15,3369.958346,718350.25,0.48717948717948717,78,Greed
2024-06-16,0.0,25235.079999999998,0.0,11,Greed
2024-06-17,10599.502375,368380.12,0.6578947368421053,38,Greed
2024-06-18,282.57636,263314.79,0.16,25,Greed
2024-06-19,4887.656944,417071.12,0.5081967213114754,61,Greed
2024-06-20,57478.456026,207990.8,0.20512820512820512,39,Greed
2024-06-21,773.5582039999999,176264.49,0.0375,80,Greed
2024-06-23,0.0,1792.12,0.0,5,Greed
2024-06-25,4869.353105,103099.08,0.22448979591836735,49,Fear
2024-06-27,0.0,130486.95,0.0,30,Fear
2024-06-29,6150.326145,280095.11,0.32,75,Fear
2024-07-04,0.0,430568.01,0.0,25,Fear
2024-07-05,0.0,272289.89,0.0,32,Fear
2024-07-06,108.87217799999999,2490.17,0.2916666666666667,24,Fear
2024-07-07,61.428942,498.75,1.0,10,Fear
2024-07-08,0.0,497.64,0.0,1,Fear
2024-07-09,648.984412,2736.45,1.0,15,Fear
2024-07-10,11977.734907,687900.21,0.6785714285714286,56,Fear
2024-07-11,1876.812082,169887.02,0.47368421052631576,19,Fear
2024-07-12,1412.314654,89582.97,0.47368421052631576,19,Fear
2024-07-13,2913.617837,139189.19,1.0,17,Fear
2024-07-14,0.0,84001.13,0.0,7,Fear
2024-07-16,0.0,144000.57,0.0,22,Greed
2024-07-17,1859.269477,626005.53,0.4131054131054131,351,Greed
2024-07-18,3803.884311,649704.85,0.8,60,Greed
2024-07-19,2155.891114,150269.42,0.5217391304347826,23,Greed
2024-07-20,2299.169566,244362.21,0.12406015037593984,266,Greed
2024-07-21,-2960.716887,234307.46,0.046875,448,Greed
2024-07-22,1517.119876,304213.8,0.14285714285714285,154,Greed
2024-07-23,89890.302206,358526.54,0.8891891891891892,370,Greed
2024-07-24,625.561479,69207.93,0.2,90,Greed
2024-07-25,916.7382600000001,528555.31,0.1282051282051282,78,Greed
2024-07-26,2766.513113,548587.65,0.40131578947368424,152,Greed
2024-07-27,6400.623656,905199.75,0.7368421052631579,57,Greed
2024-07-28,587.29903,43254.68,0.75,16,Greed
2024-07-29,330.80445399999996,327199.14,0.41025641025641024,39,Greed
2024-07-30,0.0,36006.47,0.0,6,Greed
2024-07-31,765.690884,84506.54,0.32558139534883723,43,Greed
2024-08-02,782.3681909999999,396320.37,0.2698412698412698,63,Greed
2024-08-03,464.1897,290532.86,0.02702702702702703,37,Fear
2024-08-04,-122672.000883,1207744.07,0.023622047244094488,127,Fear
2024-08-05,-13013.665169,420495.4,0.4125,80,Fear
2024-08-06,267.318048,61478.38,0.12149532710280374,107,Fear
2024-08-07,188.789255,2492.77,0.30303030303030304,33,Fear
2024-08-08,-40.712216999999995,16299.35,0.0,9,Fear
2024-08-10,0.0,11339.29,0.0,88,Fear
2024-08-11,847.7766200000001,44230.21,0.16666666666666666,24,Fear
2024-08-12,858.6705000000001,54167.32,0.125,48,Fear
2024-08-13,212.08102,20797.87,0.34782608695652173,23,Fear
2024-08-14,2168.9015130000003,66710.03,0.2,25,Fear
2024-08-15,0.0,1522.3700000000001,0.0,12,Fear
2024-08-16,825.230544,166382.84,0.08571428571428572,35,Fear
2024-08-17,-288.283113,30248.96,0.0,30,Fear
2024-08-18,307.201888,62804.48,0.8,15,Fear
2024-08-19,339.69958299999996,100315.03,0.625,8,Fear
2024-08-20,192.602844,49914.8,0.08333333333333333,12,Fear
2024-08-21,656.200925,104990.41,0.3724137931034483,145,Fear
2024-08-23,1005.30527,63509.56,0.3,10,Fear
2024-08-24,0.0,34999.67,0.0,7,Greed
2024-08-26,231.236918,92611.27,0.3333333333333333,6,Greed
2024-08-28,1333.359645,71160.06999999999,0.2222222222222222,9,Fear
2024-08-29,0.0,9995.85,0.0,1,Fear
2024-08-30,256.464,37233.24,0.16666666666666666,6,Fear
2024-08-31,10.882801,107507.43000000001,0.35294117647058826,34,Fear
2024-09-01,137.433093,12359.68,0.4166666666666667,12,Fear
2024-09-02,0.0,30000.42,0.0,2,Fear
2024-09-04,1065.785132,131480.97,0.14705882352941177,34,Fear
2024-09-05,0.0,0.84,0.0,1,Fear
2024-09-06,-1104.856765,39047.1,0.0,42,Fear
2024-09-08,0.0,0.11,0.0,1,Fear
2024-09-09,0.0,4014.4300000000003,0.0,2,Fear
2024-09-10,-219.729659,2547.28,0.0,3,Fear
2024-09-11,0.0,0.54,0.0,1,Fear
2024-09-25,0.0,52754.130000000005,0.0,9,Greed
2024-09-27,0.0,126097.04,0.0,56,Greed
2024-09-28,0.0,29199.21,0.0,4,Greed
2024-09-30,2710.626288,214669.85,0.04716981132075472,106,Greed
2024-10-02,0.0,99954.34,0.0,4,Fear
2024-10-03,100.375782,132935.69,0.3333333333333333,9,Fear
2024-10-04,0.0,0.34,0.0,1,Fear
2024-10-10,0.0,300024.33999999997,0.0,16,Fear
2024-10-11,8885.327477,488904.19,0.6923076923076923,26,Fear
2024-10-15,1170.2260760000001,81173.36,0.5714285714285714,7,Greed
2024-10-16,219.480876,80229.17,0.2727272727272727,11,Greed
2024-10-17,36.11496,140531.75,0.1111111111111111,9,Greed
2024-10-18,333.219141,120331.43000000001,0.8333333333333334,6,Greed
2024-10-19,0.0,99996.86,0.0,4,Greed
2024-10-20,389.155797,176447.86000000002,0.11458333333333333,96,Greed
2024-10-21,2464.915564,324117.99,0.3930635838150289,173,Greed
2024-10-22,0.0,60000.36,0.0,3,Greed
2024-10-23,-46.489941,210006.07,0.0,18,Greed
2024-10-25,13235.862071,427883.18,0.7,30,Greed
2024-10-27,666.6623079999999,90664.41,0.75,4,Greed
2024-10-28,167.28016200000002,121495.25,0.3076923076923077,13,Greed
2024-10-29,801.170876,613267.8099999999,0.05660377358490566,53,Greed
2024-10-30,9.150023,11830.85,0.28,25,Greed
2024-10-31,1214.043811,896173.36,0.7083333333333334,48,Greed
2024-11-01,1040.475736,260981.03,0.2608695652173913,23,Greed
2024-11-02,0.0,40000.0,0.0,2,Greed
2024-11-03,0.0,129055.66,0.0,6,Greed
2024-11-04,2799.410474,451811.97,0.6388888888888888,36,Greed
2024-11-05,678.4759280000001,200627.23,0.5,10,Greed
2024-11-06,2817.83723,123906.9,0.4666666666666667,15,Greed
2024-11-07,4493.353136,111335.3,0.5309734513274337,113,Greed
2024-11-08,-64.41354100000007,270700.44,0.15384615384615385,39,Greed
2024-11-09,102.90894,193384.41,0.22093023255813954,86,Greed
2024-11-10,991.114334,413636.7,0.2947976878612717,173,Greed
2024-11-11,6749.630996,1570572.42,0.24664879356568364,373,Greed
2024-11-12,3494.399394,1226354.52,0.19883040935672514,171,Greed
2024-11-13,7846.402274,515336.37,0.5625,48,Greed
2024-11-14,4563.509225,1008361.81,0.2545454545454545,110,Greed
2024-11-15,4140.740438,1427858.42,0.3691275167785235,149,Greed
2024-11-16,2769.521909,303296.07,0.3057324840764331,157,Greed
2024-11-17,882.975285,1215987.57,0.23444976076555024,209,Greed
2024-11-18,4470.815187,2084339.58,0.3583815028901734,346,Greed
2024-11-19,2958.268991,628031.15,0.4918032786885246,305,Greed
2024-11-20,4210.0928969999995,1999514.1199999999,0.3981818181818182,550,Greed
2024-11-21,1692.430891,598300.62,0.308411214953271,535,Greed
2024-11-22,-18105.345617,1646713.62,0.3078055964653903,679,Greed
2024-11-23,2901.531638,516245.68,0.3526170798898072,363,Greed
2024-11-24,945.550386,664952.28,0.26744186046511625,172,Greed
2024-11-25,5523.740734,937410.87,0.4117647058823529,255,Greed
2024-11-26,1094.809359,1146902.44,0.2913907284768212,302,Greed
2024-11-27,-2654.495633,1444242.53,0.3474178403755869,213,Greed
2024-11-28,-127075.39958499999,1894225.15,0.32831325301204817,332,Greed
2024-11-29,176844.994152,794262.91,0.48854961832061067,393,Greed
2024-11-30,37316.69352,1732193.7,0.42091152815013405,373,Greed
2024-12-01,40886.364494,814711.82,0.53125,416,Greed
2024-12-02,18489.604313,585243.56,0.4074074074074074,270,Greed
2024-12-03,23576.539285,1084666.53,0.4304812834224599,374,Greed
2024-12-04,292891.815021,769287.65,0.46394984326018807,319,Greed
2024-12-05,71574.11848800001,1256750.79,0.4232456140350877,456,Greed
2024-12-06,-92624.643895,3471019.22,0.23325062034739455,403,Greed
2024-12-07,85906.279067,451733.42,0.4309210526315789,304,Greed
2024-12-08,15965.933436,932939.72,0.3619047619047619,420,Greed
2024-12-09,6310.967676,983949.68,0.31910946196660483,539,Greed
2024-12-10,39325.770231,3150424.08,0.5870927318295739,1596,Greed
2024-12-11,319051.554217,2194098.33,0.7125307125307125,1221,Greed
2024-12-12,599151.795008,4557189.87,0.6997929606625258,1932,Greed
2024-12-13,31935.901745,2880824.64,0.40153452685422,1173,Greed
2024-12-14,167801.399244,2369561.78,0.47368421052631576,1235,Greed
2024-12-15,97525.315279,2583269.81,0.24572775486152032,1697,Greed
2024-12-16,166774.344133,2740808.97,0.5071090047393365,1055,Greed
2024-12-17,219591.305172,5233597.63,0.4363730036063885,1941,Greed
2024-12-18,13682.994673,3798887.07,0.36599020293911827,1429,Greed
2024-12-19,62744.004486000005,8241709.39,0.6148547469302186,3339,Greed
2024-12-20,254969.660039,7681274.71,0.5558681672025724,2488,Greed
2024-12-21,150022.163157,4382875.12,0.5496728138013087,1681,Greed
2024-12-22,352197.163973,3087320.22,0.4354005167958656,774,Greed
2024-12-23,-29430.626577,6771878.26,0.2901576480613549,2347,Greed
2024-12-24,14813.780116,1767036.11,0.33727810650887574,338,Greed
2024-12-25,756.6570469999998,347889.35,0.30288461538461536,208,Greed
2024-12-26,60228.639722,2205242.65,0.5136298421807748,697,Greed
2024-12-27,2672.811035,347913.0,0.4230769230769231,260,Greed
2024-12-28,940.673623,281555.01,0.22981366459627328,161,Greed
2024-12-29,2884.067927,344628.54,0.31840796019900497,201,Greed
2024-12-30,9009.738137,1073865.73,0.39473684210526316,304,Greed
2024-12-31,5445.01281,877164.62,0.3006535947712418,306,Greed
2025-01-01,-9528.065345,282582.1,0.3020833333333333,96,Greed
2025-01-02,8716.519087,774674.84,0.45706371191135736,361,Greed
2025-01-03,6028.486793,771208.99,0.27165354330708663,508,Greed
2025-01-04,2553.537968,1826029.6199999999,0.20215633423180593,371,Greed
2025-01-05,3187.719363,451943.57,0.41841004184100417,239,Greed
2025-01-06,6064.185393,556526.99,0.15532286212914484,573,Greed
2025-01-07,16098.227531,1313178.1,0.7613814756671899,637,Greed
2025-01-08,130117.090554,3177275.18,0.37151106833493747,1039,Greed
2025-01-09,46975.928902,1020733.25,0.2777777777777778,522,Greed
2025-01-11,2269.080536,1658098.71,0.24381625441696114,283,Greed
2025-01-12,5742.241803,2258459.17,0.7840531561461794,602,Greed
2025-01-13,9655.429352,2936648.0100000002,0.3872549019607843,408,Greed
2025-01-14,16069.512355,876581.97,0.49818181818181817,275,Greed
2025-01-15,14819.5883,1801599.8900000001,0.4606741573033708,267,Greed
2025-01-16,20807.709328,3049692.96,0.3423180592991914,371,Greed
2025-01-17,7006.415608,1110230.46,0.5294117647058824,238,Greed
2025-01-18,443.2330819999997,2711629.88,0.38095238095238093,651,Greed
2025-01-19,87923.799302,9715215.3,0.20229738353541799,1567,Greed
2025-01-20,87277.239173,8287327.01,0.5224334600760456,1315,Greed
2025-01-21,11077.839421,1523729.82,0.3867924528301887,530,Greed
2025-01-22,20524.408057,1778406.43,0.28125,832,Greed
2025-01-23,101256.24216,3697028.66,0.6609195402298851,1218,Greed
2025-01-24,10602.779738,1611433.45,0.5583524027459954,874,Greed
2025-01-25,-10348.016255999999,1239377.7,0.27865612648221344,506,Greed
2025-01-26,40823.466668,1201173.66,0.43458980044345896,451,Greed
2025-01-27,41331.765392,1508028.31,0.4760672703751617,773,Greed
2025-01-28,17979.613973,579412.17,0.6285140562248996,498,Greed
2025-01-29,23421.01147,1897513.41,0.4164835164835165,910,Greed
2025-01-30,23097.471385,3014397.17,0.3467666354264292,1067,Greed
2025-01-31,35868.296773,2783411.48,0.5413385826771654,1016,Greed
2025-02-01,32300.205017,1363746.44,0.5962145110410094,634,Greed
2025-02-02,162854.759623,5661092.29,0.35860500379075055,1319,Greed
2025-02-03,348871.326269,22592901.37,0.4634453781512605,2380,Fear
2025-02-04,416876.88812,15678409.27,0.276671974522293,2512,Greed
2025-02-07,22450.002091,3460263.54,0.2821522309711286,1524,Fear
2025-02-08,586.703253,839734.97,0.19130434782608696,575,Fear
2025-02-10,63908.49465,3624958.44,0.4780652418447694,889,Fear
2025-02-19,14985.794701,3263930.24,0.4276267450404115,1361,Fear
2025-02-21,119693.49395,3972159.88,0.5221569674319274,1873,Greed
2025-02-25,204762.177034,19414984.36,0.260646813960935,6246,Fear
2025-02-26,63229.063129,4946958.13,0.6709183673469388,1176,Fear
2025-02-27,-36525.167517,1999898.43,0.27752808988764044,890,Fear
2025-02-28,225628.108748,4123660.77,0.3886162904808636,1019,Fear
2025-03-01,10596.108968,263824.13,0.4482758620689655,174,Fear
2025-03-02,66914.320708,6460848.74,0.5018796992481203,532,Fear
2025-03-03,616413.032233,8244590.38,0.6153846153846154,1482,Fear
2025-03-04,182075.566585,11124247.15,0.25353871773522063,2402,Fear
2025-03-05,269328.365917,9193654.22,0.7584337349397591,1660,Fear
2025-03-06,16101.125561,6765324.96,0.48026315789473684,760,Fear
2025-03-07,150236.061627,19854275.48,0.5223354231974922,2552,Fear
2025-03-08,24700.773359,892083.51,0.5689981096408318,529,Fear
2025-03-09,19773.457395,10419697.99,0.4409282700421941,1422,Fear
2025-03-10,-10010.027269999999,16811790.68,0.39745791824115423,2911,Fear
2025-03-11,-76880.729036,14016952.09,0.18746195982958003,3286,Fear
2025-03-12,288105.984215,18618139.15,0.5645161290322581,3968,Fear
2025-03-14,68646.160089,8047187.16,0.8538461538461538,2210,Fear
2025-03-16,-7910.943544999999,10187921.51,0.2320754716981132,530,Fear
2025-03-17,26163.906513,3592895.05,0.4532608695652174,920,Fear
2025-03-18,72322.788824,4050655.47,0.22541966426858512,834,Fear
2025-03-19,29374.682341,4598813.57,0.4162531017369727,1612,Fear
2025-03-21,6951.270374,2543903.39,0.5,698,Fear
2025-03-22,12498.535254,971809.42,0.4747663551401869,535,Fear
2025-03-23,14047.421585,2593519.67,0.32662192393736017,447,Fear
2025-03-27,58825.359221,3240279.46,0.33375796178343947,785,Fear
2025-03-28,21337.179335,1483092.61,0.3173076923076923,728,Fear
2025-03-29,12098.872931,3668151.83,0.3558606124604013,1894,Fear
2025-03-30,15795.11514,2850874.96,0.16549295774647887,568,Fear
2025-03-31,6978.184557,2164772.4699999997,0.5232323232323233,495,Fear
2025-04-01,-2202.6622420000003,704445.1900000001,0.4583333333333333,192,Fear
2025-04-02,202212.740938,3867930.6,0.8949814126394052,1076,Fear
2025-04-03,-2365.961276,8670233.15,0.2974828375286041,1748,Fear
2025-04-04,-25515.678949999998,3835545.73,0.38757861635220126,1272,Fear
2025-04-05,35907.33771,1267564.22,0.5805555555555556,360,Fear
2025-04-06,47053.449272,3551252.06,0.31679389312977096,1048,Fear
2025-04-07,34527.370305,14460253.14,0.23916133617626156,2814,Fear
2025-04-08,34899.394798,8869391.4,0.4093319194061506,943,Fear
2025-04-09,43120.444797,28556806.47,0.43055205444920597,3967,Fear
2025-04-10,158261.822261,28741953.29,0.5289139633286318,2127,Fear
2025-04-11,126406.479081,11319327.07,0.3357664233576642,1096,Fear
2025-04-12,410419.694533,55914617.49,0.2721669037458511,2109,Fear
2025-04-14,45680.443063,13079972.98,0.42247191011235957,890,Fear
2025-04-15,72357.706282,20752168.24,0.5720601237842617,1131,Fear
2025-04-16,58631.730257,36502715.9,0.3401741293532338,1608,Fear
2025-04-17,5427.919886,2604551.51,0.30358874878758485,1031,Fear
2025-04-18,4880.4047439999995,24610650.46,0.5126715945089757,1894,Fear
2025-04-19,71950.577495,32706462.71,0.2921751615218952,2786,Fear
2025-04-20,25060.341936,12126094.05,0.3985872855701312,1982,Fear
2025-04-21,34369.267906999994,42104054.84,0.3940628637951106,1718,Fear
2025-04-23,-419020.225731,30682443.79,0.324728040266277,6159,Greed
2025-04-24,50704.395965,35088918.64,0.4135304659498208,2232,Greed
2025-04-25,20218.859206,27749455.78,0.38596491228070173,1653,Greed
2025-04-26,-4125.753942,11948127.77,0.1724137931034483,1131,Greed
2025-04-27,2702.067468,487537.69,0.3560830860534125,337,Greed
2025-04-29,125749.613427,34089511.66,0.43201069995541685,2243,Greed
2025-04-30,14003.797269,12693878.85,0.26504941599281223,1113,Greed
